{
    "PG_MLP_LR0.001_G0.9": {
        "avg_score": 45.416000000000004,
        "avg_loss": 117.4241627407074
    },
    "PG_LSTM_LR0.001_G0.9": {
        "avg_score": 57.89000000000001,
        "avg_loss": 175.3128693644206
    },
    "PG_MLP_LR0.001_G0.99": {
        "avg_score": 45.416000000000004,
        "avg_loss": 117.4241627407074
    },
    "PG_LSTM_LR0.001_G0.99": {
        "avg_score": 57.89000000000001,
        "avg_loss": 175.3128693644206
    },
    "PG_MLP_LR0.001_G0.999": {
        "avg_score": 45.416000000000004,
        "avg_loss": 117.4241627407074
    },
    "PG_LSTM_LR0.001_G0.999": {
        "avg_score": 57.89000000000001,
        "avg_loss": 175.3128693644206
    },
    "PG_MLP_LR0.005_G0.9": {
        "avg_score": 48.196000000000005,
        "avg_loss": 65.71285857200623
    },
    "PG_LSTM_LR0.005_G0.9": {
        "avg_score": 59.21333333333334,
        "avg_loss": 85.05453936576843
    },
    "PG_MLP_LR0.005_G0.99": {
        "avg_score": 48.196000000000005,
        "avg_loss": 65.71285857200623
    },
    "PG_LSTM_LR0.005_G0.99": {
        "avg_score": 59.21333333333334,
        "avg_loss": 85.05453936576843
    },
    "PG_MLP_LR0.005_G0.999": {
        "avg_score": 48.196000000000005,
        "avg_loss": 65.71285857200623
    },
    "PG_LSTM_LR0.005_G0.999": {
        "avg_score": 59.21333333333334,
        "avg_loss": 85.05453936576843
    },
    "PG_MLP_LR0.01_G0.9": {
        "avg_score": 48.62266666666667,
        "avg_loss": 48.655643750826506
    },
    "PG_LSTM_LR0.01_G0.9": {
        "avg_score": 59.448,
        "avg_loss": 57.23681740442911
    },
    "PG_MLP_LR0.01_G0.99": {
        "avg_score": 48.62266666666667,
        "avg_loss": 48.655643750826506
    },
    "PG_LSTM_LR0.01_G0.99": {
        "avg_score": 59.448,
        "avg_loss": 57.23681740442911
    },
    "PG_MLP_LR0.01_G0.999": {
        "avg_score": 48.62266666666667,
        "avg_loss": 48.655643750826506
    },
    "PG_LSTM_LR0.01_G0.999": {
        "avg_score": 59.448,
        "avg_loss": 57.23681740442911
    },
    "AC_MLP_MLP_ALR0.001_CLR0.0005_G0.9": {
        "avg_score": 39.254,
        "avg_loss": 1.039296779765306
    },
    "AC_LSTM_LSTM_ALR0.001_CLR0.0005_G0.9": {
        "avg_score": 32.599333333333334,
        "avg_loss": 1.1100099906215655
    },
    "AC_MLP_LSTM_ALR0.001_CLR0.0005_G0.9": {
        "avg_score": 46.174,
        "avg_loss": 0.9019559091156305
    },
    "AC_LSTM_MLP_ALR0.001_CLR0.0005_G0.9": {
        "avg_score": 44.652666666666654,
        "avg_loss": 1.1093278981434802
    },
    "AC_MLP_MLP_ALR0.001_CLR0.001_G0.9": {
        "avg_score": 43.48066666666667,
        "avg_loss": 0.9895841526616581
    },
    "AC_LSTM_LSTM_ALR0.001_CLR0.001_G0.9": {
        "avg_score": 33.318666666666665,
        "avg_loss": 1.0801863414555435
    },
    "AC_MLP_LSTM_ALR0.001_CLR0.001_G0.9": {
        "avg_score": 46.141333333333336,
        "avg_loss": 0.8909227726348274
    },
    "AC_LSTM_MLP_ALR0.001_CLR0.001_G0.9": {
        "avg_score": 44.65200000000001,
        "avg_loss": 1.0357765406370163
    },
    "AC_MLP_MLP_ALR0.001_CLR0.005_G0.9": {
        "avg_score": 46.211333333333336,
        "avg_loss": 0.9544904614069188
    },
    "AC_LSTM_LSTM_ALR0.001_CLR0.005_G0.9": {
        "avg_score": 34.80533333333333,
        "avg_loss": 1.0476860749648222
    },
    "AC_MLP_LSTM_ALR0.001_CLR0.005_G0.9": {
        "avg_score": 49.09,
        "avg_loss": 0.910564488879665
    },
    "AC_LSTM_MLP_ALR0.001_CLR0.005_G0.9": {
        "avg_score": 43.19133333333334,
        "avg_loss": 0.9277430640161038
    },
    "AC_MLP_MLP_ALR0.001_CLR0.0005_G0.99": {
        "avg_score": 44.50666666666666,
        "avg_loss": 0.9718695541955791
    },
    "AC_LSTM_LSTM_ALR0.001_CLR0.0005_G0.99": {
        "avg_score": 33.22466666666667,
        "avg_loss": 1.0322819040252034
    },
    "AC_MLP_LSTM_ALR0.001_CLR0.0005_G0.99": {
        "avg_score": 46.63466666666667,
        "avg_loss": 0.889866891310998
    },
    "AC_LSTM_MLP_ALR0.001_CLR0.0005_G0.99": {
        "avg_score": 44.833333333333336,
        "avg_loss": 1.024146050537626
    },
    "AC_MLP_MLP_ALR0.001_CLR0.001_G0.99": {
        "avg_score": 45.792,
        "avg_loss": 0.9120433890751865
    },
    "AC_LSTM_LSTM_ALR0.001_CLR0.001_G0.99": {
        "avg_score": 33.79866666666667,
        "avg_loss": 1.015217727072492
    },
    "AC_MLP_LSTM_ALR0.001_CLR0.001_G0.99": {
        "avg_score": 49.552666666666674,
        "avg_loss": 0.9198943603712703
    },
    "AC_LSTM_MLP_ALR0.001_CLR0.001_G0.99": {
        "avg_score": 42.68,
        "avg_loss": 0.9730004471292099
    },
    "AC_MLP_MLP_ALR0.001_CLR0.005_G0.99": {
        "avg_score": 52.01733333333333,
        "avg_loss": 0.9416865317438109
    },
    "AC_LSTM_LSTM_ALR0.001_CLR0.005_G0.99": {
        "avg_score": 33.38933333333333,
        "avg_loss": 0.9753208170190923
    },
    "AC_MLP_LSTM_ALR0.001_CLR0.005_G0.99": {
        "avg_score": 53.178,
        "avg_loss": 0.9078688068060047
    },
    "AC_LSTM_MLP_ALR0.001_CLR0.005_G0.99": {
        "avg_score": 42.95133333333333,
        "avg_loss": 0.9253214251995088
    },
    "AC_MLP_MLP_ALR0.001_CLR0.0005_G0.999": {
        "avg_score": 44.894,
        "avg_loss": 0.9615634112799821
    },
    "AC_LSTM_LSTM_ALR0.001_CLR0.0005_G0.999": {
        "avg_score": 33.31,
        "avg_loss": 0.9991811691572184
    },
    "AC_MLP_LSTM_ALR0.001_CLR0.0005_G0.999": {
        "avg_score": 46.61933333333334,
        "avg_loss": 0.8884790238090888
    },
    "AC_LSTM_MLP_ALR0.001_CLR0.0005_G0.999": {
        "avg_score": 44.258,
        "avg_loss": 1.0178834076970815
    },
    "AC_MLP_MLP_ALR0.001_CLR0.001_G0.999": {
        "avg_score": 46.31333333333333,
        "avg_loss": 0.9265223758696765
    },
    "AC_LSTM_LSTM_ALR0.001_CLR0.001_G0.999": {
        "avg_score": 33.788000000000004,
        "avg_loss": 0.9829028702544322
    },
    "AC_MLP_LSTM_ALR0.001_CLR0.001_G0.999": {
        "avg_score": 50.314,
        "avg_loss": 0.919237346697987
    },
    "AC_LSTM_MLP_ALR0.001_CLR0.001_G0.999": {
        "avg_score": 42.52133333333333,
        "avg_loss": 0.9691652704775334
    },
    "AC_MLP_MLP_ALR0.001_CLR0.005_G0.999": {
        "avg_score": 52.43866666666667,
        "avg_loss": 0.9398604020647084
    },
    "AC_LSTM_LSTM_ALR0.001_CLR0.005_G0.999": {
        "avg_score": 33.12266666666667,
        "avg_loss": 0.9703277041121785
    },
    "AC_MLP_LSTM_ALR0.001_CLR0.005_G0.999": {
        "avg_score": 53.973333333333336,
        "avg_loss": 0.902612518825772
    },
    "AC_LSTM_MLP_ALR0.001_CLR0.005_G0.999": {
        "avg_score": 42.78133333333333,
        "avg_loss": 0.9251447646071513
    },
    "AC_MLP_MLP_ALR0.005_CLR0.0005_G0.9": {
        "avg_score": 47.346,
        "avg_loss": 0.988404991866371
    },
    "AC_LSTM_LSTM_ALR0.005_CLR0.0005_G0.9": {
        "avg_score": 26.433333333333334,
        "avg_loss": 0.9499828353260517
    },
    "AC_MLP_LSTM_ALR0.005_CLR0.0005_G0.9": {
        "avg_score": 47.44933333333333,
        "avg_loss": 0.8765599909136057
    },
    "AC_LSTM_MLP_ALR0.005_CLR0.0005_G0.9": {
        "avg_score": 45.76333333333333,
        "avg_loss": 1.124950807808588
    },
    "AC_MLP_MLP_ALR0.005_CLR0.001_G0.9": {
        "avg_score": 47.205333333333336,
        "avg_loss": 0.9458722885524828
    },
    "AC_LSTM_LSTM_ALR0.005_CLR0.001_G0.9": {
        "avg_score": 30.674666666666663,
        "avg_loss": 0.9347459183461554
    },
    "AC_MLP_LSTM_ALR0.005_CLR0.001_G0.9": {
        "avg_score": 47.461999999999996,
        "avg_loss": 0.8811906821590925
    },
    "AC_LSTM_MLP_ALR0.005_CLR0.001_G0.9": {
        "avg_score": 45.597333333333324,
        "avg_loss": 1.0639326673994463
    },
    "AC_MLP_MLP_ALR0.005_CLR0.005_G0.9": {
        "avg_score": 45.056666666666665,
        "avg_loss": 0.8358273445166318
    },
    "AC_LSTM_LSTM_ALR0.005_CLR0.005_G0.9": {
        "avg_score": 33.795333333333325,
        "avg_loss": 0.9243620130574831
    },