{
    "PG_MLP_LR0.001_G0.9": {
        "avg_score": 48.93933333333334,
        "avg_loss": 22.288749957159165
    },
    "PG_LSTM_LR0.001_G0.9": {
        "avg_score": 57.636,
        "avg_loss": -4.32905437787374
    },
    "AC_MLP_MLP_LR0.001_G0.9": {
        "avg_score": 37.248,
        "avg_loss": 0.9537286533022536
    },
    "AC_LSTM_LSTM_LR0.001_G0.9": {
        "avg_score": 33.32666666666667,
        "avg_loss": 1.1446686963746593
    },
    "AC_MLP_LSTM_LR0.001_G0.9": {
        "avg_score": 46.04,
        "avg_loss": 0.9081790826620549
    },
    "AC_LSTM_MLP_LR0.001_G0.9": {
        "avg_score": 44.678666666666665,
        "avg_loss": 1.1031764892888412
    },
    "PG_MLP_LR0.001_G0.99": {
        "avg_score": 48.93933333333334,
        "avg_loss": 22.288749957159165
    },
    "PG_LSTM_LR0.001_G0.99": {
        "avg_score": 57.636,
        "avg_loss": -4.32905437787374
    },
    "AC_MLP_MLP_LR0.001_G0.99": {
        "avg_score": 40.821333333333335,
        "avg_loss": 0.9410370769601949
    },
    "AC_LSTM_LSTM_LR0.001_G0.99": {
        "avg_score": 33.797333333333334,
        "avg_loss": 1.0530587388788504
    },
    "AC_MLP_LSTM_LR0.001_G0.99": {
        "avg_score": 46.56866666666667,
        "avg_loss": 0.9165934783810247
    },
    "AC_LSTM_MLP_LR0.001_G0.99": {
        "avg_score": 44.86933333333332,
        "avg_loss": 1.0268040113454238
    },
    "PG_MLP_LR0.001_G0.999": {
        "avg_score": 48.93933333333334,
        "avg_loss": 22.288749957159165
    },
    "PG_LSTM_LR0.001_G0.999": {
        "avg_score": 57.636,
        "avg_loss": -4.32905437787374
    },
    "AC_MLP_MLP_LR0.001_G0.999": {
        "avg_score": 40.858,
        "avg_loss": 0.9325926418201863
    },
    "AC_LSTM_LSTM_LR0.001_G0.999": {
        "avg_score": 33.786,
        "avg_loss": 1.0395960260375068
    },
    "AC_MLP_LSTM_LR0.001_G0.999": {
        "avg_score": 46.58733333333333,
        "avg_loss": 0.906482310051897
    },
    "AC_LSTM_MLP_LR0.001_G0.999": {
        "avg_score": 44.901999999999994,
        "avg_loss": 1.0231078028302727
    },
    "PG_MLP_LR0.005_G0.9": {
        "avg_score": 56.440000000000005,
        "avg_loss": 2.282150982392777
    },
    "PG_LSTM_LR0.005_G0.9": {
        "avg_score": 58.64466666666667,
        "avg_loss": -38.35323977152507
    },
    "AC_MLP_MLP_LR0.005_G0.9": {
        "avg_score": 37.145999999999994,
        "avg_loss": 0.7580771504442966
    },
    "AC_LSTM_LSTM_LR0.005_G0.9": {
        "avg_score": 33.88,
        "avg_loss": 0.9673202681395864
    },
    "AC_MLP_LSTM_LR0.005_G0.9": {
        "avg_score": 47.504,
        "avg_loss": 0.8921605739747216
    },
    "AC_LSTM_MLP_LR0.005_G0.9": {
        "avg_score": 45.362,
        "avg_loss": 0.9702238666138631
    },
    "PG_MLP_LR0.005_G0.99": {
        "avg_score": 56.440000000000005,
        "avg_loss": 2.282150982392777
    },
    "PG_LSTM_LR0.005_G0.99": {
        "avg_score": 58.64466666666667,
        "avg_loss": -38.35323977152507
    },
    "AC_MLP_MLP_LR0.005_G0.99": {
        "avg_score": 36.944,
        "avg_loss": 0.7506193183361513
    },
    "AC_LSTM_LSTM_LR0.005_G0.99": {
        "avg_score": 32.592666666666666,
        "avg_loss": 0.8806481901341621
    },
    "AC_MLP_LSTM_LR0.005_G0.99": {
        "avg_score": 47.75866666666667,
        "avg_loss": 0.834790057662715
    },
    "AC_LSTM_MLP_LR0.005_G0.99": {
        "avg_score": 45.964,
        "avg_loss": 0.9488855379074371
    },
    "PG_MLP_LR0.005_G0.999": {
        "avg_score": 56.440000000000005,
        "avg_loss": 2.282150982392777
    },
    "PG_LSTM_LR0.005_G0.999": {
        "avg_score": 58.64466666666667,
        "avg_loss": -38.35323977152507
    },
    "AC_MLP_MLP_LR0.005_G0.999": {
        "avg_score": 36.96533333333333,
        "avg_loss": 0.7567810444519273
    },
    "AC_LSTM_LSTM_LR0.005_G0.999": {
        "avg_score": 32.404666666666664,
        "avg_loss": 0.8782899080510717
    },
    "AC_MLP_LSTM_LR0.005_G0.999": {
        "avg_score": 47.692,
        "avg_loss": 0.835258168529592
    },
    "AC_LSTM_MLP_LR0.005_G0.999": {
        "avg_score": 45.98199999999999,
        "avg_loss": 0.9485356593424997
    },
    "PG_MLP_LR0.01_G0.9": {
        "avg_score": 58.47800000000001,
        "avg_loss": 0.23594626649211556
    },
    "PG_LSTM_LR0.01_G0.9": {
        "avg_score": 58.76933333333333,
        "avg_loss": -56.47327101945877
    },
    "AC_MLP_MLP_LR0.01_G0.9": {
        "avg_score": 38.082,
        "avg_loss": 0.845004776775507
    },
    "AC_LSTM_LSTM_LR0.01_G0.9": {
        "avg_score": 32.285333333333334,
        "avg_loss": 0.8800278663207534
    },
    "AC_MLP_LSTM_LR0.01_G0.9": {
        "avg_score": 49.46,
        "avg_loss": 0.8723275145599376
    },
    "AC_LSTM_MLP_LR0.01_G0.9": {
        "avg_score": 46.03066666666666,
        "avg_loss": 0.9355489685607609
    },
    "PG_MLP_LR0.01_G0.99": {
        "avg_score": 58.47800000000001,
        "avg_loss": 0.23594626649211556
    },
    "PG_LSTM_LR0.01_G0.99": {
        "avg_score": 58.76933333333333,
        "avg_loss": -56.47327101945877
    },
    "AC_MLP_MLP_LR0.01_G0.99": {
        "avg_score": 43.33266666666666,
        "avg_loss": 0.8435072707273745
    },
    "AC_LSTM_LSTM_LR0.01_G0.99": {
        "avg_score": 32.798,
        "avg_loss": 0.8555218993960952
    },
    "AC_MLP_LSTM_LR0.01_G0.99": {
        "avg_score": 53.87866666666667,
        "avg_loss": NaN
    },
    "AC_LSTM_MLP_LR0.01_G0.99": {
        "avg_score": 46.14533333333333,
        "avg_loss": 0.9287085391472405
    },
    "PG_MLP_LR0.01_G0.999": {
        "avg_score": 58.47800000000001,
        "avg_loss": 0.23594626649211556
    },
    "PG_LSTM_LR0.01_G0.999": {
        "avg_score": 58.76933333333333,
        "avg_loss": -56.47327101945877
    },
    "AC_MLP_MLP_LR0.01_G0.999": {
        "avg_score": 43.20933333333334,
        "avg_loss": 0.8432767271457852
    },
    "AC_LSTM_LSTM_LR0.01_G0.999": {
        "avg_score": 32.76933333333333,
        "avg_loss": 0.8541759756835575
    },
    "AC_MLP_LSTM_LR0.01_G0.999": {
        "avg_score": 55.13066666666666,
        "avg_loss": NaN
    },
    "AC_LSTM_MLP_LR0.01_G0.999": {
        "avg_score": 46.181333333333335,
        "avg_loss": 0.9286884246782089
    }
}