{
    "PG_MLP_LR0.001_G0.9": {
        "avg_score": 48.93933333333334,
        "avg_loss": 22.288749957159165
    },
    "PG_LSTM_LR0.001_G0.9": {
        "avg_score": 57.636,
        "avg_loss": -4.32905437787374
    },
    "AC_MLP_MLP_LR0.001_G0.9": {
        "avg_score": 37.230666666666664,
        "avg_loss": 0.7788743507771384
    },
    "AC_LSTM_LSTM_LR0.001_G0.9": {
        "avg_score": 34.66533333333333,
        "avg_loss": 1.111861200634418
    },
    "AC_MLP_LSTM_LR0.001_G0.9": {
        "avg_score": 41.112,
        "avg_loss": 0.9760702870844433
    },
    "AC_LSTM_MLP_LR0.001_G0.9": {
        "avg_score": 44.598000000000006,
        "avg_loss": 0.9894614990347569
    },
    "PG_MLP_LR0.001_G0.99": {
        "avg_score": 48.93933333333334,
        "avg_loss": 22.288749957159165
    },
    "PG_LSTM_LR0.001_G0.99": {
        "avg_score": 57.636,
        "avg_loss": -4.32905437787374
    },
    "AC_MLP_MLP_LR0.001_G0.99": {
        "avg_score": 37.239999999999995,
        "avg_loss": 0.7675861591372449
    },
    "AC_LSTM_LSTM_LR0.001_G0.99": {
        "avg_score": 33.364,
        "avg_loss": 1.0342263066712019
    },
    "AC_MLP_LSTM_LR0.001_G0.99": {
        "avg_score": 40.58733333333333,
        "avg_loss": 0.860951595610055
    },
    "AC_LSTM_MLP_LR0.001_G0.99": {
        "avg_score": 44.690000000000005,
        "avg_loss": 0.9873169612510052
    },
    "PG_MLP_LR0.001_G0.999": {
        "avg_score": 48.93933333333334,
        "avg_loss": 22.288749957159165
    },
    "PG_LSTM_LR0.001_G0.999": {
        "avg_score": 57.636,
        "avg_loss": -4.32905437787374
    },
    "AC_MLP_MLP_LR0.001_G0.999": {
        "avg_score": 37.24,
        "avg_loss": 0.7670044041808918
    },
    "AC_LSTM_LSTM_LR0.001_G0.999": {
        "avg_score": 33.30733333333333,
        "avg_loss": 1.0288928107855613
    },
    "AC_MLP_LSTM_LR0.001_G0.999": {
        "avg_score": 41.422,
        "avg_loss": 0.8769626895743831
    },
    "AC_LSTM_MLP_LR0.001_G0.999": {
        "avg_score": 44.714,
        "avg_loss": 0.9871817875884396
    },
    "PG_MLP_LR0.005_G0.9": {
        "avg_score": 56.440000000000005,
        "avg_loss": 2.282150982392777
    },
    "PG_LSTM_LR0.005_G0.9": {
        "avg_score": 58.64466666666667,
        "avg_loss": -38.35323977152507
    },
    "AC_MLP_MLP_LR0.005_G0.9": {
        "avg_score": 37.145999999999994,
        "avg_loss": 0.7580771504442966
    },
    "AC_LSTM_LSTM_LR0.005_G0.9": {
        "avg_score": 33.88,
        "avg_loss": 0.9673202681395864
    },
    "AC_MLP_LSTM_LR0.005_G0.9": {
        "avg_score": 47.504,
        "avg_loss": 0.8921605739747216
    },
    "AC_LSTM_MLP_LR0.005_G0.9": {
        "avg_score": 45.362,
        "avg_loss": 0.9702238666138631
    },
    "PG_MLP_LR0.005_G0.99": {
        "avg_score": 56.440000000000005,
        "avg_loss": 2.282150982392777
    },
    "PG_LSTM_LR0.005_G0.99": {
        "avg_score": 58.64466666666667,
        "avg_loss": -38.35323977152507
    },
    "AC_MLP_MLP_LR0.005_G0.99": {
        "avg_score": 36.944,
        "avg_loss": 0.7506193183361513
    },
    "AC_LSTM_LSTM_LR0.005_G0.99": {
        "avg_score": 32.592666666666666,
        "avg_loss": 0.8806481901341621
    },
    "AC_MLP_LSTM_LR0.005_G0.99": {
        "avg_score": 47.75866666666667,
        "avg_loss": 0.834790057662715
    },
    "AC_LSTM_MLP_LR0.005_G0.99": {
        "avg_score": 45.964,
        "avg_loss": 0.9488855379074371
    },
    "PG_MLP_LR0.005_G0.999": {
        "avg_score": 56.440000000000005,
        "avg_loss": 2.282150982392777
    },
    "PG_LSTM_LR0.005_G0.999": {
        "avg_score": 58.64466666666667,
        "avg_loss": -38.35323977152507
    },
    "AC_MLP_MLP_LR0.005_G0.999": {
        "avg_score": 36.96533333333333,
        "avg_loss": 0.7567810444519273
    },
    "AC_LSTM_LSTM_LR0.005_G0.999": {
        "avg_score": 32.404666666666664,
        "avg_loss": 0.8782899080510717
    },
    "AC_MLP_LSTM_LR0.005_G0.999": {
        "avg_score": 47.692,
        "avg_loss": 0.835258168529592
    },
    "AC_LSTM_MLP_LR0.005_G0.999": {
        "avg_score": 45.98199999999999,
        "avg_loss": 0.9485356593424997
    },
    "PG_MLP_LR0.01_G0.9": {
        "avg_score": 58.47800000000001,
        "avg_loss": 0.23594626649211556
    },
    "PG_LSTM_LR0.01_G0.9": {
        "avg_score": 58.76933333333333,
        "avg_loss": -56.47327101945877
    },
    "AC_MLP_MLP_LR0.01_G0.9": {
        "avg_score": 36.314666666666675,
        "avg_loss": 0.752083281757188
    },
    "AC_LSTM_LSTM_LR0.01_G0.9": {
        "avg_score": 32.924,
        "avg_loss": 0.8843848387511813
    },
    "AC_MLP_LSTM_LR0.01_G0.9": {
        "avg_score": 47.669333333333334,
        "avg_loss": 0.8397199383601367
    },
    "AC_LSTM_MLP_LR0.01_G0.9": {
        "avg_score": 46.424,
        "avg_loss": 0.9382047484888365
    },
    "PG_MLP_LR0.01_G0.99": {
        "avg_score": 58.47800000000001,
        "avg_loss": 0.23594626649211556
    },
    "PG_LSTM_LR0.01_G0.99": {
        "avg_score": 58.76933333333333,
        "avg_loss": -56.47327101945877
    },
    "AC_MLP_MLP_LR0.01_G0.99": {
        "avg_score": 36.34333333333334,
        "avg_loss": 0.728932602544415
    },
    "AC_LSTM_LSTM_LR0.01_G0.99": {
        "avg_score": 32.392,
        "avg_loss": 0.8568418945606254
    },
    "AC_MLP_LSTM_LR0.01_G0.99": {
        "avg_score": 47.72866666666666,
        "avg_loss": NaN
    },
    "AC_LSTM_MLP_LR0.01_G0.99": {
        "avg_score": 47.12733333333333,
        "avg_loss": 0.9098500045933179
    },
    "PG_MLP_LR0.01_G0.999": {
        "avg_score": 58.47800000000001,
        "avg_loss": 0.23594626649211556
    },
    "PG_LSTM_LR0.01_G0.999": {
        "avg_score": 58.76933333333333,
        "avg_loss": -56.47327101945877
    },
    "AC_MLP_MLP_LR0.01_G0.999": {
        "avg_score": 36.35733333333334,
        "avg_loss": 0.7086290293109764
    },
    "AC_LSTM_LSTM_LR0.01_G0.999": {
        "avg_score": 31.738666666666663,
        "avg_loss": 0.8564172111816791
    },
    "AC_MLP_LSTM_LR0.01_G0.999": {
        "avg_score": 47.71333333333333,
        "avg_loss": NaN
    },
    "AC_LSTM_MLP_LR0.01_G0.999": {
        "avg_score": 47.12533333333332,
        "avg_loss": 0.9096638319509415
    }
}