{
    "AC_MLP_LSTM_OPPCu_GTFT": {
        "opponents": [
            "Cu",
            "GTFT"
        ],
        "score_history": 30.3,
        "loss_history": [
            [
                0.011538221500813961,
                1.0086480379104614
            ],
            [
                -0.07911408692598343,
                1.0273380279541016
            ],
            [
                -0.026524238288402557,
                0.9978330135345459
            ],
            [
                -0.024677276611328125,
                1.0002875328063965
            ],
            [
                0.014050249941647053,
                1.0116862058639526
            ],
            [
                -0.017577044665813446,
                1.0023282766342163
            ],
            [
                -0.01717398315668106,
                1.0036094188690186
            ]
        ],
        "model_path": "results//AC_MLP_LSTM_OPPCu_GTFT.pth",
        "steps_to_convergence": 7
    }
}