{
    "AC_MLP_LSTM_OPPTFT_ImpTFT_TFTT_TTFT": {
        "opponents": [
            "TFT",
            "ImpTFT",
            "TFTT",
            "TTFT"
        ],
        "score_history": 29.05,
        "loss_history": [
            [
                0.06330203264951706,
                1.3438680171966553
            ],
            [
                0.03713458403944969,
                1.3657501935958862
            ],
            [
                0.006006116978824139,
                1.3191698789596558
            ],
            [
                0.04163676127791405,
                1.3221393823623657
            ],
            [
                0.05225539207458496,
                1.3396538496017456
            ],
            [
                0.07760704308748245,
                1.3184012174606323
            ],
            [
                0.028660926967859268,
                1.2808135747909546
            ],
            [
                0.1026616171002388,
                1.3306952714920044
            ]
        ],
        "model_path": "results//AC_MLP_LSTM_OPPTFT_ImpTFT_TFTT_TTFT.pth",
        "steps_to_convergence": 8
    }
}