{
    "AC_MLP_LSTM_OPPDu_Cp_STFT": {
        "opponents": [
            "Du",
            "Cp",
            "STFT"
        ],
        "score_history": 16.8,
        "loss_history": [
            [
                0.1646227389574051,
                1.1618573665618896
            ],
            [
                0.059947460889816284,
                1.1675177812576294
            ],
            [
                0.1381351500749588,
                1.1878128051757812
            ],
            [
                0.2553882300853729,
                1.2175036668777466
            ],
            [
                0.09628688544034958,
                1.1646850109100342
            ],
            [
                0.11448516696691513,
                1.1607927083969116
            ],
            [
                0.03155394643545151,
                1.1405338048934937
            ],
            [
                0.03005760908126831,
                1.1756974458694458
            ]
        ],
        "model_path": "results//AC_MLP_LSTM_OPPDu_Cp_STFT.pth",
        "steps_to_convergence": 8
    }
}