{
    "AC_MLP_LSTM_OPPCu_Cp_STFT_ImpTFT_GRIM": {
        "opponents": [
            "Cu",
            "Cp",
            "STFT",
            "ImpTFT",
            "GRIM"
        ],
        "score_history": 24.4,
        "loss_history": [
            [
                -0.8710697889328003,
                1.568509817123413
            ],
            [
                -0.852277398109436,
                1.57539701461792
            ],
            [
                -0.9082019329071045,
                1.5459686517715454
            ],
            [
                -0.7605618238449097,
                1.8560035228729248
            ],
            [
                -0.6299049258232117,
                1.6106795072555542
            ],
            [
                -0.6141278147697449,
                1.5919939279556274
            ],
            [
                -0.7082860469818115,
                1.676651954650879
            ],
            [
                -0.7611337304115295,
                1.7354689836502075
            ]
        ],
        "model_path": "results//AC_MLP_LSTM_OPPCu_Cp_STFT_ImpTFT_GRIM.pth",
        "steps_to_convergence": 8
    }
}