{
    "AC_MLP_LSTM_OPPSTFT": {
        "opponents": [
            "STFT"
        ],
        "score_history": 26.75,
        "loss_history": [
            [
                0.03622986376285553,
                1.1198210716247559
            ],
            [
                0.0374348983168602,
                1.118958830833435
            ],
            [
                0.044498514384031296,
                1.0953466892242432
            ],
            [
                0.02927067130804062,
                1.1329560279846191
            ],
            [
                0.03978027030825615,
                1.1093966960906982
            ],
            [
                0.033197179436683655,
                1.111396312713623
            ],
            [
                0.037574753165245056,
                1.1221280097961426
            ]
        ],
        "model_path": "results//AC_MLP_LSTM_OPPSTFT.pth",
        "steps_to_convergence": 7
    }
}